Items in the Home,Friends Going Shopping
-6.547033841,-11.30423815
-6.36180136,-10.27599403
-6.216046258,-8.931829782
-5.976361864,-8.869692223
-5.779162345,-8.608282408
-5.695051518,-8.10810069
-5.342727001,-7.851966747
-5.325618756,-7.71879119
-5.308045299,-7.667415617
-5.198608962,-7.569765335
-5.086777476,-7.445833232
-5.008732537,-7.363094892
-4.938591015,-7.273420505
-4.840764135,-6.550578737
-4.826993513,-6.306718561
-4.697692978,-6.18013032
-4.543834032,-6.042266443
-4.533064485,-5.974133961
-4.461000696,-5.967094197
-4.442462516,-5.936142805
-4.383845982,-5.81110556
-4.23783025,-5.799065659
-4.203199434,-5.789103548
-4.183317877,-5.769338244
-4.074983545,-5.667904775
-4.02972745,-5.582447726
-3.997523699,-5.580113209
-3.967596407,-5.571298391
-3.937072209,-5.38275227
-3.916161736,-5.126674615
-3.861715297,-5.064827586
-3.77791906,-5.01677838
-3.762382601,-4.926799825
-3.751813037,-4.887498255
-3.742951044,-4.862216366
-3.725366996,-4.657221808
-3.714456056,-4.581472913
-3.670409339,-4.416594525
-3.630718428,-4.347496625
-3.628573255,-4.159351318
-3.62389983,-4.110356495
-3.595698966,-4.071048039
-3.535390544,-4.025038575
-3.519938024,-3.729254581
-3.513636085,-3.560123649
-3.494182692,-3.251765924
-3.492447763,-3.247165318
-3.490615237,-3.225131611
-3.478982765,-3.206621611
-3.478805308,-3.167630869
-3.461794011,-3.076927649
-3.460388611,-2.992864222
-3.457494122,-2.896340318
-3.455068784,-2.786470603
-3.445994108,-2.776751086
-3.4451569,-2.707904362
-3.413452728,-2.597630885
-3.399331048,-2.536217757
-3.393048136,-2.506602813
-3.387693946,-2.320797293
-3.384800796,-2.293034736
-3.360018631,-2.289175347
-3.350106958,-2.262513229
-3.345952787,-2.202709754
-3.345735642,-2.192150539
-3.345326597,-2.123519768
-3.330439619,-2.091406243
-3.298768549,-1.959090995
-3.281947507,-1.879332609
-3.26856494,-1.861720472
-3.262531467,-1.84402192
-3.257908454,-1.616563234
-3.202476099,-1.558355486
-3.191540166,-1.549290748
-3.157472975,-1.506703304
-3.155521331,-1.491543979
-3.095798498,-1.477100643
-3.087935606,-1.473389617
-3.084333549,-1.387338326
-3.081685742,-1.337230136
-3.018406251,-1.307883635
-2.997172927,-1.302122683
-2.989144757,-1.26409827
-2.976338388,-1.199893587
-2.965419394,-1.195230815
-2.96369986,-1.084589874
-2.956677203,-1.041169949
-2.922453467,-1.034196667
-2.911951126,-0.895340436
-2.899570482,-0.690855236
-2.899387725,-0.599328247
-2.881675234,-0.59391533
-2.875566497,-0.556322714
-2.848377942,-0.522606661
-2.845895901,-0.496530596
-2.84097866,-0.474370765
-2.84097866,-0.459941158
-2.83992797,-0.429178253
-2.835152625,-0.385830761
-2.831884477,-0.375374293
-2.817392334,-0.326953173
-2.798370841,-0.28195462
-2.798370841,-0.211174365
-2.783559976,-0.152238871
-2.783028784,-0.138756175
-2.779351811,-0.032832333
-2.755962221,0.015169786
-2.745686197,0.032686026
-2.73262974,0.062002815
-2.713995024,0.111650778
-2.710131963,0.116087287
-2.699400518,0.143566123
-2.684931378,0.248865342
-2.679359753,0.273371293
-2.66647459,0.29025775
-2.660710426,0.295937666
-2.648623987,0.300150684
-2.642527634,0.31637279
-2.637290004,0.329132413
-2.635236909,0.373524491
-2.623176557,0.417225417
-2.615806618,0.440058248
-2.608255419,0.456488023
-2.604754764,0.466384376
-2.600532179,0.468685177
-2.600532179,0.470547755
-2.585000853,0.476542233
-2.574286939,0.486817364
-2.574286939,0.574455587
-2.570005713,0.604028108
-2.554402586,0.605492029
-2.541624225,0.614223072
-2.528646014,0.674392921
-2.522923291,0.682972437
-2.473770604,0.70135298
-2.460802145,0.725073981
-2.459278443,0.728917178
-2.444270795,0.747035888
-2.431962361,0.750919181
-2.429879,0.765786903
-2.42001399,0.786018604
-2.414538431,0.79700144
-2.405012387,0.850195325
-2.404766069,0.868466936
-2.402643452,0.872808929
-2.362556268,0.91050113
-2.316661107,0.934509983
-2.3087561,1.04169706
-2.307002902,1.08239989
-2.298863075,1.1367932
-2.296694371,1.172406683
-2.295947044,1.18349243
-2.275729627,1.191039688
-2.267590896,1.197078032
-2.254446436,1.201142803
-2.242083008,1.208796047
-2.229880677,1.228128151
-2.21838705,1.228207613
-2.215717087,1.252344111
-2.199711787,1.304492599
-2.19145832,1.339633648
-2.191336862,1.381050993
-2.171681749,1.434320038
-2.170893982,1.45128935
-2.125395404,1.451959298
-2.121938274,1.457505037
-2.119778074,1.480453602
-2.114307092,1.516976752
-2.106098973,1.562563812
-2.103796941,1.565738383
-2.081177411,1.608675365
-2.075045668,1.614903437
-2.072532926,1.652347147
-2.070422558,1.750009872
-2.05283072,1.755443835
-2.044740056,1.883151575
-2.04290175,1.948880319
-2.031443408,1.970458947
-2.014778655,1.97228523
-2.011104879,2.053717119
-1.992812218,2.087913717
-1.986608079,2.107180983
-1.981943882,2.159208803
-1.970512973,2.182812529
-1.963593271,2.185309233
-1.961722142,2.219587724
-1.92976558,2.223602988
-1.929612842,2.228931501
-1.926602357,2.243852329
-1.922083784,2.25467415
-1.911164028,2.263572587
-1.898781665,2.276171773
-1.891220653,2.295378065
-1.879687921,2.344050579
-1.871480654,2.370882322
-1.867946406,2.37528645
-1.863569281,2.424205466
-1.844827914,2.45437289
-1.837889883,2.462019657
-1.811192242,2.503459567
-1.805742398,2.519991971
-1.798489135,2.550536938
-1.790768821,2.570868107
-1.786608004,2.581390612
-1.782694634,2.601272704
-1.782203952,2.63728345
-1.779622786,2.671444224
-1.777930837,2.703584735
-1.772011406,2.723860011
-1.772011406,2.746340628
-1.770949459,2.748409671
-1.7695095,2.773225327
-1.757427561,2.781029628
-1.7544252,2.78690324
-1.753379672,2.829050312
-1.747531742,2.879848123
-1.74677729,2.902514867
-1.742425039,2.940147986
-1.731187851,2.955800689
-1.726195566,3.019523843
-1.717909693,3.060853022
-1.715972901,3.10684833
-1.714555146,3.112141464
-1.706152607,3.124848775
-1.705190789,3.147478878
-1.703928967,3.170630547
-1.703629053,3.192820913
-1.697877481,3.237265429
-1.697877481,3.243328089
-1.660917123,3.264824105
-1.654927209,3.297363738
-1.65361225,3.308502392
-1.6403862,3.343022917
-1.634769866,3.379444095
-1.621832109,3.409215207
-1.608768494,3.450247008
-1.608206251,3.451721361
-1.599822916,3.466982611
-1.599779306,3.476570199
-1.595742777,3.484037064
-1.579681387,3.519989871
-1.577051632,3.579535958
-1.57209297,3.588926405
-1.56985097,3.609998051
-1.569223088,3.690196252
-1.568027207,3.713556609
-1.566993203,3.738337195
-1.565587777,3.763882976
-1.552357809,3.77829344
-1.551380114,3.790032901
-1.55113236,3.799705833
-1.546409012,3.818850161
-1.544387082,3.830534187
-1.539233594,3.832944489
-1.537933506,3.848050889
-1.534407339,3.887205594
-1.534407339,3.902147751
-1.534294487,3.916574784
-1.533066747,3.923760326
-1.526484436,3.984025495
-1.520989916,4.015203399
-1.519888077,4.025991343
-1.519271234,4.027391628
-1.517935884,4.068419632
-1.517313741,4.08673114
-1.506616356,4.095461035
-1.506378989,4.097190553
-1.497134988,4.103558311
-1.495726725,4.111631641
-1.488828913,4.113542468
-1.483323731,4.200069278
-1.469078424,4.210816073
-1.468563736,4.260680183
-1.465895799,4.27460177
-1.453295914,4.281298904
-1.452513015,4.315188674
-1.438872551,4.323127724
-1.41219691,4.368761465
-1.408407657,4.391980185
-1.407936354,4.423268522
-1.399200004,4.448293844
-1.388652804,4.448972609
-1.378459683,4.452107972
-1.374626792,4.456158971
-1.371430502,4.47807771
-1.360730678,4.536201653
-1.329324209,4.545744174
-1.317470045,4.573945406
-1.31682034,4.611061622
-1.312389452,4.612089294
-1.301346039,4.643687633
-1.292494114,4.646174128
-1.280593496,4.657184958
-1.270297918,4.70004571
-1.265163715,4.823086005
-1.258410227,4.832114993
-1.256047094,4.843460677
-1.256047094,4.861799747
-1.252207409,4.901487867
-1.250024629,4.916551136
-1.2473654,4.919170949
-1.246917442,4.985977538
-1.241462315,5.026022558
-1.24048505,5.061090736
-1.217085452,5.080842077
-1.217085452,5.127405044
-1.215167603,5.142749847
-1.209398393,5.177547418
-1.206801532,5.18378241
-1.203078119,5.19476253
-1.195713126,5.198200551
-1.193800947,5.203672794
-1.191987725,5.204216833
-1.166138069,5.237715663
-1.164592584,5.24634647
-1.159281205,5.247707868
-1.158113508,5.252133987
-1.157851903,5.25836721
-1.157263111,5.297549915
-1.157246247,5.350877241
-1.156243012,5.355393821
-1.149712131,5.361172994
-1.138781619,5.387138742
-1.126340532,5.422681844
-1.119826891,5.452450657
-1.116433096,5.486793734
-1.108560973,5.490525423
-1.108513566,5.517277372
-1.101099866,5.549160557
-1.095287734,5.608721255
-1.086037842,5.622604026
-1.085852423,5.622689361
-1.073525682,5.646581745
-1.061281817,5.667341531
-1.05119941,5.777946796
-1.051106633,5.817998043
-1.047011124,5.86299138
-1.045050273,5.871576792
-1.042793507,5.897614473
-1.033228798,5.993948927
-1.029608229,6.008134599
-1.028739468,6.010402531
-1.013523381,6.022493205
-1.011396365,6.027629514
-0.994002557,6.046374058
-0.984496868,6.079705885
-0.977525275,6.090453279
-0.968925535,6.128044014
-0.968862883,6.180429159
-0.967840773,6.190699887
-0.96430294,6.229747028
-0.961234498,6.25711191
-0.960188382,6.323068736
-0.958937127,6.345068794
-0.95010855,6.355677093
-0.944742357,6.377275368
-0.936967254,6.383312331
-0.926854155,6.451728152
-0.920335651,6.486234198
-0.918779573,6.523814489
-0.917180456,6.532552038
-0.915852961,6.581225434
-0.913070109,6.584556579
-0.903797224,6.631956223
-0.902389926,6.697426676
-0.895284878,6.733933115
-0.884673698,6.73632828
-0.876779542,6.7746919
-0.875954184,6.788863859
-0.866504594,6.847399938
-0.864673414,6.887290076
-0.864580038,6.949824393
-0.86366284,6.953862439
-0.861472,6.963319897
-0.859563554,7.012367131
-0.857293091,7.018531837
-0.856911297,7.144078554
-0.848945728,7.145173309
-0.845911269,7.204580754
-0.834449111,7.205607529
-0.83414475,7.228471759
-0.831645145,7.23471136
-0.819093615,7.286446586
-0.818470547,7.341522218
-0.814228744,7.377016127
-0.812476654,7.42483203
-0.809936965,7.490492808
-0.803732341,7.545742916
-0.803732341,7.647936878
-0.796286425,7.731501453
-0.796286425,8.184807055
-0.796286425,8.429360184
-0.794384596,8.589836294
-0.790802001,8.674048148
-0.781393513,8.682121436
-0.776486288,8.687540871
-0.774556461,8.765080787
-0.774556461,8.77676235
-0.774556461,8.805443726
-0.774556461,8.847970795
-0.772452004,8.872203305
-0.771822532,8.996884626
-0.765348345,9.32268463
-0.754980858,9.337240357
-0.727433824,9.646974192
-0.727085519,10.06686751
-0.722734175,10.1985768
-0.722275869,10.42916594
-0.721361931,10.48343878
-0.721340998,10.51398366
-0.720876161,10.53044049
-0.719242395,11.05475028
-0.713289846,11.14132679
-0.705418998,11.43419189
-0.704597712,11.55236348
-0.703871521,12.4086731
-0.703871521,14.41115806
-0.703754386,15.82485887
-0.702633125,
-0.701165184,
-0.700467908,
-0.693711129,
-0.681334788,
-0.672592946,
-0.660914613,
-0.657771802,
-0.649302123,
-0.647956363,
-0.640271279,
-0.635739516,
-0.634022165,
-0.62636892,
-0.62636892,
-0.625422265,
-0.624692149,
-0.619441957,
-0.607852956,
-0.606765905,
-0.605892352,
-0.602592921,
-0.602592921,
-0.602320742,
-0.602162822,
-0.586822488,
-0.579303328,
-0.568241882,
-0.568181137,
-0.566491117,
-0.562066328,
-0.554159936,
-0.541987343,
-0.541389577,
-0.537509391,
-0.53236137,
-0.530813985,
-0.526050602,
-0.516223863,
-0.513955676,
-0.512182014,
-0.50997933,
-0.49575816,
-0.488797808,
-0.487636885,
-0.485621009,
-0.471099132,
-0.468968039,
-0.457476842,
-0.451465042,
-0.435938042,
-0.433293779,
-0.432225882,
-0.426297144,
-0.416572162,
-0.413490927,
-0.411793422,
-0.411100641,
-0.40604898,
-0.399606515,
-0.399229841,
-0.397951203,
-0.396851831,
-0.39158944,
-0.387832872,
-0.379117015,
-0.376895281,
-0.370898782,
-0.368405585,
-0.366221355,
-0.366221355,
-0.358078406,
-0.357662694,
-0.35487813,
-0.351870152,
-0.350704184,
-0.345189899,
-0.337515741,
-0.337415381,
-0.334807518,
-0.333576567,
-0.332305028,
-0.329451895,
-0.327833672,
-0.32602164,
-0.32602164,
-0.320451999,
-0.313844535,
-0.31006376,
-0.307740307,
-0.307583472,
-0.303599429,
-0.298856963,
-0.298856963,
-0.290196907,
-0.287283858,
-0.281706268,
-0.274428261,
-0.27377325,
-0.273236934,
-0.268863661,
-0.268401789,
-0.261592052,
-0.259499363,
-0.259499363,
-0.251823048,
-0.241852214,
-0.240331791,
-0.238819146,
-0.238773986,
-0.229848154,
-0.22733438,
-0.217280917,
-0.210634197,
-0.202523869,
-0.201951935,
-0.197693554,
-0.197693554,
-0.19115595,
-0.185681779,
-0.172488459,
-0.170951166,
-0.1699163,
-0.168715551,
-0.162684046,
-0.151254093,
-0.150158584,
-0.148811238,
-0.148811238,
-0.144536411,
-0.142485082,
-0.141756871,
-0.139461149,
-0.134499669,
-0.130916936,
-0.124575781,
-0.115301416,
-0.113078835,
-0.111437039,
-0.101835616,
-0.100921781,
-0.09707247,
-0.096203844,
-0.093356958,
-0.089512322,
-0.088470649,
-0.086132396,
-0.084215108,
-0.084150085,
-0.074084037,
-0.067984585,
-0.066681607,
-0.066505098,
-0.051626562,
-0.041621726,
-0.04133652,
-0.036272337,
-0.034788773,
-0.029415055,
-0.026323754,
-0.023386223,
-0.01852226,
-0.012108595,
-0.010878461,
-0.01029867,
-0.009777624,
-0.006887327,
-0.005389856,
-0.004433726,
-0.003638149,
-0.000831355,
-0.000531742,
0.001004884,
0.001018531,
0.001186862,
0.002253885,
0.006687998,
0.007782655,
0.007782655,
0.008298946,
0.011398378,
0.018496861,
0.020314255,
0.025472343,
0.031352287,
0.034430757,
0.034954575,
0.034954575,
0.035474647,
0.038703503,
0.042403529,
0.042689749,
0.043674572,
0.04434986,
0.044942987,
0.044942987,
0.047978683,
0.050171961,
0.055961126,
0.06551177,
0.069253588,
0.080287437,
0.081256834,
0.084228766,
0.096571216,
0.100112534,
0.104825964,
0.108157457,
0.108260608,
0.117309923,
0.127614716,
0.128104208,
0.128339456,
0.135046869,
0.137270993,
0.137270993,
0.137818532,
0.137998716,
0.14107006,
0.149016516,
0.152901263,
0.157394641,
0.169813135,
0.175287239,
0.177146938,
0.180942113,
0.187848778,
0.195272308,
0.197383933,
0.202893285,
0.205519357,
0.208359398,
0.214097254,
0.218761719,
0.218761719,
0.218828989,
0.220907079,
0.222021258,
0.222021258,
0.222321331,
0.223032109,
0.225343726,
0.225598659,
0.229285972,
0.230121623,
0.234135846,
0.234676857,
0.235738659,
0.236220246,
0.23889391,
0.243089088,
0.244936411,
0.244936411,
0.24632121,
0.2465622,
0.247768695,
0.250302158,
0.251866294,
0.255760673,
0.257365846,
0.258305617,
0.258305617,
0.270053194,
0.270869322,
0.274220077,
0.274247871,
0.276101767,
0.279383339,
0.280400172,
0.280939782,
0.281548699,
0.281551589,
0.28202524,
0.287916508,
0.292106795,
0.292106795,
0.292106795,
0.292723763,
0.294715626,
0.296473938,
0.299598362,
0.305132373,
0.309301852,
0.312475476,
0.316945453,
0.321855549,
0.322029486,
0.32353885,
0.325667153,
0.329323156,
0.339105386,
0.339105386,
0.342540632,
0.343848033,
0.353285569,
0.360698523,
0.371825965,
0.372889115,
0.372934991,
0.3756074,
0.376434293,
0.377993806,
0.383264821,
0.383595992,
0.387407327,
0.388381136,
0.390198399,
0.392614235,
0.394854796,
0.396288616,
0.40353409,
0.404144815,
0.411824825,
0.414900362,
0.418737017,
0.419703308,
0.419703308,
0.419985842,
0.424676547,
0.426628646,
0.434857089,
0.437560248,
0.446477303,
0.450864946,
0.450864946,
0.455258198,
0.45701845,
0.463674295,
0.465696477,
0.466024276,
0.467995424,
0.473147068,
0.473437264,
0.481040043,
0.482609834,
0.483157427,
0.484853705,
0.485617585,
0.486286128,
0.486728235,
0.491058971,
0.493111596,
0.497457182,
0.497809146,
0.507505794,
0.513516139,
0.514838579,
0.521786304,
0.5221943,
0.522654714,
0.522797356,
0.524007281,
0.527504319,
0.538692977,
0.540025268,
0.540080938,
0.544089005,
0.544654366,
0.557082454,
0.558072685,
0.56094427,
0.561086001,
0.564095828,
0.567426106,
0.568155392,
0.568922017,
0.570269711,
0.574114593,
0.574929036,
0.580194644,
0.583300759,
0.588619536,
0.588991702,
0.590324085,
0.601092639,
0.605793478,
0.61440071,
0.619571609,
0.621599011,
0.626501067,
0.63320124,
0.636713442,
0.642853658,
0.642996937,
0.644269994,
0.644937712,
0.649135247,
0.650167787,
0.652079113,
0.658475325,
0.658539964,
0.659046139,
0.659867602,
0.660045577,
0.662944198,
0.663078063,
0.663078063,
0.663740152,
0.664247644,
0.669472451,
0.669517579,
0.6730072,
0.674167332,
0.676693727,
0.680408468,
0.683187611,
0.684011735,
0.684011735,
0.685151346,
0.685151346,
0.685195175,
0.685559277,
0.693495357,
0.699127357,
0.699448187,
0.706393452,
0.708426513,
0.710088381,
0.711814835,
0.713742441,
0.714262039,
0.714346825,
0.714382349,
0.71479727,
0.721539439,
0.723315277,
0.729074852,
0.730896621,
0.734867966,
0.739830164,
0.740766483,
0.743286461,
0.749641625,
0.750480313,
0.750767152,
0.752590427,
0.756327589,
0.757367036,
0.757367036,
0.768434733,
0.768434733,
0.769205285,
0.772059449,
0.772989486,
0.776777593,
0.782536746,
0.783182409,
0.787024109,
0.788036868,
0.789930408,
0.801078732,
0.80162994,
0.80162994,
0.802425803,
0.803678454,
0.804630777,
0.805937419,
0.814428197,
0.815529946,
0.815535331,
0.815535331,
0.815553809,
0.817843917,
0.823829706,
0.824305769,
0.826350269,
0.829384851,
0.832871706,
0.832981279,
0.833283979,
0.837643899,
0.839289029,
0.83951689,
0.844998894,
0.845851957,
0.847512074,
0.848768577,
0.848918552,
0.848931466,
0.854023138,
0.854625613,
0.855386301,
0.855831073,
0.856470919,
0.858181945,
0.860275884,
0.861180755,
0.872918313,
0.877144512,
0.884387691,
0.887058448,
0.887660905,
0.888192062,
0.892142166,
0.892148174,
0.893719408,
0.894999549,
0.898357608,
0.899080112,
0.899080112,
0.90478329,
0.90665741,
0.906908447,
0.906908447,
0.909474003,
0.911782248,
0.912753366,
0.912753366,
0.91302296,
0.915054358,
0.915584809,
0.922851459,
0.922851459,
0.922851459,
0.92370034,
0.92370034,
0.924301944,
0.926113815,
0.926889501,
0.928928616,
0.928928616,
0.933270045,
0.937374896,
0.940037807,
0.940070357,
0.943729014,
0.947857585,
0.948141104,
0.948942821,
0.953010317,
0.953726391,
0.953859178,
0.956031233,
0.957473168,
0.958196524,
0.958553403,
0.958553403,
0.959020102,
0.959043337,
0.962059735,
0.962513898,
0.967176269,
0.968865736,
0.9690009,
0.970997991,
0.973207984,
0.979685889,
0.983263009,
0.983381406,
0.985387673,
0.988295936,
0.990818924,
0.993522273,
0.994532646,
0.994556315,
0.994937005,
0.997666556,
0.998230988,
1.000260912,
1.003943126,
1.006485921,
1.006485921,
1.015029841,
1.017253489,
1.024458929,
1.024800408,
1.025309239,
1.028783597,
1.031155404,
1.032640469,
1.035699289,
1.037119758,
1.037324908,
1.049633776,
1.050610879,
1.050610879,
1.050610879,
1.051947212,
1.05261075,
1.052711145,
1.053094446,
1.056090868,
1.056575741,
1.06057269,
1.061427846,
1.062496381,
1.062525813,
1.063304666,
1.063304666,
1.064428495,
1.065415995,
1.068065414,
1.069886398,
1.073977906,
1.074388695,
1.07771576,
1.079174139,
1.080785031,
1.084019764,
1.088469474,
1.092986185,
1.097644215,
1.101240914,
1.106376275,
1.108830419,
1.115502091,
1.116219489,
1.117816351,
1.119332573,
1.119332573,
1.123499844,
1.127143275,
1.129480312,
1.135144509,
1.136215538,
1.136489772,
1.137351849,
1.140801284,
1.141694802,
1.141903869,
1.144303856,
1.14724387,
1.149049866,
1.149049866,
1.150573951,
1.153094604,
1.15314982,
1.15314982,
1.155841,
1.156247948,
1.156688295,
1.156753881,
1.157766689,
1.157766689,
1.161190436,
1.161571672,
1.162224893,
1.164926614,
1.165591464,
1.168704524,
1.17037111,
1.172935547,
1.17431746,
1.174897098,
1.175482247,
1.176551441,
1.176551441,
1.17868875,
1.182236764,
1.182236764,
1.186382161,
1.189449452,
1.196964431,
1.197323946,
1.19751041,
1.201083981,
1.202698965,
1.20465558,
1.206444471,
1.207746203,
1.210482861,
1.212078798,
1.215694898,
1.215790805,
1.216821746,
1.216821746,
1.216821746,
1.217206838,
1.217669352,
1.218260763,
1.222437146,
1.228412681,
1.229340606,
1.23000486,
1.231038691,
1.231120651,
1.239072571,
1.240246901,
1.244172211,
1.248983251,
1.248983251,
1.248983251,
1.248993509,
1.250047235,
1.2525305,
1.253649283,
1.256037998,
1.260584628,
1.261725106,
1.262003221,
1.264186948,
1.264636488,
1.267813665,
1.268684089,
1.270207279,
1.270747785,
1.273308409,
1.275820059,
1.27680402,
1.281180344,
1.282792524,
1.284200026,
1.287226114,
1.293993166,
1.294705581,
1.294705581,
1.296463095,
1.296488026,
1.297736849,
1.299982865,
1.300250384,
1.300250384,
1.306963094,
1.307732584,
1.307827753,
1.308196658,
1.309500601,
1.310012708,
1.311695119,
1.315514372,
1.317516223,
1.320227354,
1.322004632,
1.322726058,
1.323262381,
1.323292454,
1.325191907,
1.325900403,
1.32673493,
1.329372134,
1.331306145,
1.334556137,
1.334966983,
1.335395854,
1.341638337,
1.342815363,
1.343573614,
1.346634091,
1.350203081,
1.35340483,
1.353603483,
1.354746993,
1.355877977,
1.357944756,
1.359957362,
1.360432679,
1.36536142,
1.367754466,
1.370264068,
1.370646953,
1.37068423,
1.371777192,
1.378934368,
1.380283084,
1.388740942,
1.389584484,
1.393273655,
1.400550371,
1.40371196,
1.40371196,
1.403756265,
1.403769711,
1.408589848,
1.41150588,
1.412286537,
1.415081089,
1.417618241,
1.420369941,
1.42708039,
1.427481504,
1.427514782,
1.427757507,
1.427847967,
1.432580724,
1.433919511,
1.435724401,
1.444940268,
1.446146869,
1.446488021,
1.446882177,
1.448179862,
1.449509338,
1.45061837,
1.45107432,
1.451717207,
1.453190887,
1.461224153,
1.477300034,
1.479091241,
1.480210222,
1.490279364,
1.497010937,
1.497010937,
1.507018389,
1.507963901,
1.510690016,
1.511668152,
1.515664634,
1.516481853,
1.516481853,
1.522873799,
1.52704395,
1.52704395,
1.52837393,
1.52837393,
1.533843834,
1.534373198,
1.535149376,
1.535694096,
1.536895135,
1.548956029,
1.554505384,
1.556223217,
1.563970772,
1.564407519,
1.565150538,
1.565973028,
1.572318558,
1.572967823,
1.575408945,
1.578486658,
1.579030944,
1.581804149,
1.582218141,
1.588513862,
1.596074818,
1.5970179,
1.598490855,
1.598698129,
1.601410157,
1.602920313,
1.604985345,
1.605917819,
1.609617116,
1.610960731,
1.614245639,
1.61513659,
1.616879479,
1.616984994,
1.620025154,
1.62215024,
1.622389679,
1.624144308,
1.62419456,
1.625808595,
1.632380567,
1.63397936,
1.637263476,
1.640758302,
1.640758302,
1.642735369,
1.648054502,
1.650001424,
1.65297534,
1.659132312,
1.671955617,
1.672053438,
1.672416572,
1.675975181,
1.677701231,
1.68415827,
1.690527862,
1.692093975,
1.692751811,
1.693079342,
1.696046901,
1.697593108,
1.697902932,
1.70113478,
1.701786494,
1.702410218,
1.704194478,
1.706255723,
1.706722681,
1.708777513,
1.709488742,
1.716107549,
1.716907038,
1.720891541,
1.730971396,
1.733929739,
1.733929739,
1.735941676,
1.73764159,
1.743148832,
1.744502436,
1.746159568,
1.747092316,
1.754503844,
1.755917675,
1.761061064,
1.763285316,
1.765583614,
1.765810356,
1.771978983,
1.774583367,
1.774583367,
1.774806228,
1.77719482,
1.780177916,
1.780177916,
1.791797335,
1.794557831,
1.794948692,
1.797028071,
1.798457108,
1.798870995,
1.802149488,
1.804095858,
1.807095061,
1.80762446,
1.809597962,
1.811017861,
1.811418256,
1.811581101,
1.812600968,
1.815731709,
1.818840915,
1.822697127,
1.823346348,
1.824083341,
1.831648054,
1.833196786,
1.836372815,
1.83762376,
1.846422864,
1.848054766,
1.85031841,
1.854340241,
1.854586213,
1.854758586,
1.858991454,
1.859956482,
1.859998917,
1.859998917,
1.859998917,
1.859998917,
1.860930844,
1.861119689,
1.864336916,
1.865254685,
1.867277739,
1.867418039,
1.869311936,
1.871520298,
1.871785041,
1.872169315,
1.872169315,
1.872169315,
1.87532729,
1.880142033,
1.880142033,
1.882400121,
1.883022912,
1.884469376,
1.891064881,
1.895150186,
1.895877833,
1.899152295,
1.899687655,
1.903869031,
1.909207466,
1.909823835,
1.910546144,
1.91127289,
1.913305672,
1.916199954,
1.916685507,
1.918306473,
1.918972602,
1.921799282,
1.922535921,
1.923809092,
1.925496862,
1.925769733,
1.92783829,
1.931336256,
1.939726248,
1.942813185,
1.946928013,
1.947585277,
1.949043635,
1.952024676,
1.952427784,
1.952494701,
1.95491889,
1.954953064,
1.967427686,
1.971644994,
1.986898274,
1.9878918,
1.992933606,
1.994755974,
2.001170365,
2.003757497,
2.007060067,
2.007060067,
2.007643775,
2.010520367,
2.010520367,
2.012019048,
2.022880473,
2.025163503,
2.02873401,
2.033359173,
2.035631068,
2.039023429,
2.039532209,
2.045434481,
2.050947034,
2.053075165,
2.055266497,
2.055266497,
2.055266497,
2.055266497,
2.055630001,
2.057802092,
2.06188075,
2.062517437,
2.064515443,
2.065144105,
2.069538023,
2.074790726,
2.075104691,
2.078695791,
2.082480588,
2.083830722,
2.086153016,
2.086153016,
2.086153016,
2.088716328,
2.089962159,
2.091956487,
2.092017445,
2.092660952,
2.093751739,
2.098067277,
2.100295712,
2.100452857,
2.102081395,
2.110822247,
2.111085332,
2.116459661,
2.117214926,
2.118840991,
2.121557539,
2.122905592,
2.122905592,
2.123120675,
2.126493221,
2.130763293,
2.137703657,
2.137703657,
2.141559329,
2.142976289,
2.146607284,
2.146896812,
2.147258647,
2.152391804,
2.152391804,
2.158737374,
2.163403603,
2.165835417,
2.168400644,
2.168854386,
2.171270815,
2.174622443,
2.174698171,
2.177764507,
2.181150399,
2.185480316,
2.186055248,
2.191929762,
2.191929762,
2.194432357,
2.195493931,
2.196304491,
2.196304491,
2.199163114,
2.199163114,
2.204534472,
2.214338324,
2.216495946,
2.217872473,
2.219896271,
2.220782433,
2.221704529,
2.221790539,
2.223642255,
2.225132987,
2.225849232,
2.232645132,
2.23506231,
2.236292787,
2.23971578,
2.24229139,
2.244935965,
2.244975923,
2.244975923,
2.246527192,
2.246527192,
2.247068105,
2.249055544,
2.249103617,
2.250797602,
2.254913829,
2.255370547,
2.255370547,
2.256625157,
2.259593393,
2.260323437,
2.262733469,
2.262733469,
2.262811535,
2.273575844,
2.275819556,
2.279061593,
2.283170042,
2.283364862,
2.288384447,
2.290588547,
2.290588547,
2.290873337,
2.291616375,
2.291651089,
2.293458108,
2.29405618,
2.294142111,
2.295283609,
2.295867717,
2.296302564,
2.303973214,
2.305520116,
2.307460016,
2.307621146,
2.310338751,
2.312195996,
2.312312992,
2.316907804,
2.317213229,
2.317652226,
2.321629485,
2.322509303,
2.323003829,
2.323024247,
2.325535906,
2.327813306,
2.327979869,
2.334267062,
2.340634495,
2.343509308,
2.348499278,
2.349072018,
2.351786027,
2.35446524,
2.355145792,
2.35679008,
2.362886153,
2.364223923,
2.364914715,
2.36574088,
2.367270864,
2.369089863,
2.370504241,
2.370799587,
2.371462088,
2.372490329,
2.372765043,
2.372765043,
2.372765043,
2.373017471,
2.373017471,
2.3732138,
2.3732138,
2.3732138,
2.378268029,
2.383355115,
2.383355115,
2.384494013,
2.38531811,
2.386794311,
2.387744621,
2.394066829,
2.394117713,
2.396582308,
2.39762634,
2.402226557,
2.403112272,
2.403185728,
2.404974765,
2.407421272,
2.407823653,
2.414012445,
2.416552651,
2.418928327,
2.422770417,
2.424507323,
2.425297332,
2.427832255,
2.429445914,
2.429445914,
2.429445914,
2.429652825,
2.430119435,
2.436097085,
2.436347846,
2.439187401,
2.439349345,
2.440418458,
2.441917981,
2.444329203,
2.445832483,
2.449921509,
2.450494094,
2.454319039,
2.455303473,
2.461776826,
2.462156635,
2.462402827,
2.462657585,
2.463343679,
2.464059419,
2.464202451,
2.466200328,
2.466901552,
2.478231878,
2.478708781,
2.480489007,
2.482604029,
2.483008522,
2.493684958,
2.494959423,
2.49600967,
2.499473396,
2.501122992,
2.50148274,
2.50148274,
2.505453405,
2.506207006,
2.506807791,
2.510403293,
2.511645985,
2.515882506,
2.518680544,
2.519037736,
2.520590968,
2.523784913,
2.524026506,
2.524026506,
2.524026506,
2.529155805,
2.531934627,
2.532084093,
2.55146505,
2.551755494,
2.552146809,
2.552146809,
2.554478265,
2.556675332,
2.564020917,
2.568044344,
2.569347228,
2.573729298,
2.579209644,
2.581198655,
2.58459755,
2.58611247,
2.588509163,
2.589968461,
2.590636168,
2.594088765,
2.595000552,
2.598040486,
2.59818567,
2.600017761,
2.600883607,
2.604051311,
2.604191469,
2.610590392,
2.612761449,
2.617377633,
2.62037659,
2.621027413,
2.621027413,
2.623036876,
2.623142588,
2.62667287,
2.628354879,
2.631036045,
2.633168172,
2.633706483,
2.633942467,
2.634617042,
2.635839534,
2.637537744,
2.640872767,
2.64280256,
2.645126395,
2.645237265,
2.645563711,
2.652391744,
2.654870174,
2.65824823,
2.66295007,
2.664152407,
2.669145734,
2.670789808,
2.671133147,
2.671431855,
2.671512895,
2.672813125,
2.672813125,
2.675598346,
2.677963096,
2.678539279,
2.691019606,
2.695428441,
2.701044941,
2.701391968,
2.706361883,
2.71454669,
2.718966962,
2.718966962,
2.719981804,
2.720288571,
2.721200259,
2.724692001,
2.726139206,
2.728658677,
2.729188152,
2.729260852,
2.730360092,
2.731021766,
2.734822025,
2.737795445,
2.737914316,
2.738924057,
2.741281832,
2.747215139,
2.747357267,
2.747973583,
2.749368446,
2.751242742,
2.751630033,
2.75168347,
2.757419475,
2.758661642,
2.759286793,
2.759809798,
2.763650678,
2.76519788,
2.772929937,
2.774509815,
2.775933665,
2.777152897,
2.781669692,
2.782008737,
2.782860871,
2.78443817,
2.785758701,
2.790848945,
2.79461435,
2.797049447,
2.801460828,
2.807522078,
2.807878234,
2.808345045,
2.80846018,
2.812646221,
2.813209251,
2.816293322,
2.817788869,
2.818614974,
2.819390067,
2.819390067,
2.825483608,
2.829235789,
2.829804173,
2.832706525,
2.834183557,
2.834345226,
2.834683232,
2.837302881,
2.837302881,
2.841474567,
2.843770459,
2.84400939,
2.84464471,
2.845504572,
2.856949054,
2.857452334,
2.85817642,
2.858467549,
2.861065473,
2.865223525,
2.867548339,
2.870018668,
2.885767271,
2.885852455,
2.889097008,
2.894211478,
2.905440115,
2.905440115,
2.910237907,
2.912564889,
2.912606836,
2.922055361,
2.929572838,
2.931416558,
2.931804157,
2.93193525,
2.93193525,
2.94823525,
2.951823294,
2.953523734,
2.954329123,
2.955453614,
2.95818426,
2.958393898,
2.959182917,
2.960290475,
2.964439462,
2.965319614,
2.977516969,
2.983791811,
2.986435506,
2.990804549,
2.992812847,
2.999325573,
3.000574807,
3.002586559,
3.009508154,
3.00955532,
3.012528486,
3.024407782,
3.026508783,
3.027911347,
3.028330661,
3.030758625,
3.030762074,
3.036601645,
3.038876978,
3.042781424,
3.048087558,
3.049495772,
3.056152508,
3.057725019,
3.060041315,
3.072376688,
3.077757742,
3.081398376,
3.084003185,
3.084656157,
3.088210789,
3.095137093,
3.096558563,
3.100939373,
3.110340764,
3.111920175,
3.113428306,
3.114689381,
3.122139188,
3.123087747,
3.126254491,
3.132475955,
3.132475955,
3.137954794,
3.142494757,
3.143998863,
3.147282941,
3.147282941,
3.153369981,
3.153849828,
3.162249635,
3.162582735,
3.170472087,
3.175585233,
3.183576757,
3.183933634,
3.190705494,
3.192156708,
3.203336711,
3.204839038,
3.205395415,
3.207744801,
3.220572421,
3.222406512,
3.224080601,
3.22790797,
3.228509805,
3.23836708,
3.244158611,
3.245381224,
3.255657567,
3.284867456,
3.287054855,
3.287235566,
3.290169173,
3.291151452,
3.302583218,
3.311047301,
3.324866527,
3.325422199,
3.342966674,
3.344644066,
3.348075672,
3.352783695,
3.35375697,
3.356501019,
3.37139906,
3.375403669,
3.375403669,
3.375403669,
3.385145972,
3.394544744,
3.401381743,
3.401381743,
3.408593847,
3.416138376,
3.418737797,
3.422838846,
3.433954292,
3.44054499,
3.449777661,
3.453873454,
3.477282463,
3.483062338,
3.483112087,
3.488218806,
3.49952121,
3.51029912,
3.512769565,
3.545359806,
3.545730614,
3.547782614,
3.548245753,
3.56432881,
3.568322496,
3.573420163,
3.577971571,
3.583990105,
3.583990105,
3.590008971,
3.595963692,
3.595963692,
3.605758399,
3.615354708,
3.618227476,
3.639742316,
3.644685363,
3.644685363,
3.65628927,
3.67727096,
3.693784866,
3.703215857,
3.716632545,
3.718551275,
3.71898071,
3.719603828,
3.724336629,
3.727242858,
3.745808966,
3.745808966,
3.745984797,
3.74675152,
3.749105223,
3.754351774,
3.770391791,
3.771717608,
3.777986579,
3.791868756,
3.79324659,
3.805711778,
3.818851706,
3.824116459,
3.828933254,
3.841978084,
3.848560248,
3.858719685,
3.869114773,
3.869114773,
3.87656614,
3.879757754,
3.886851466,
3.887100548,
3.887100548,
3.898328612,
3.899158478,
3.904288962,
3.906425586,
3.915978345,
3.919454293,
3.920590407,
3.920590407,
3.925168952,
3.940591711,
3.961580821,
3.975084329,
3.981971365,
4.01821503,
4.019994773,
4.030938136,
4.031376626,
4.045838282,
4.048216583,
4.048216583,
4.048216583,
4.061746775,
4.07478412,
4.083792594,
4.088063069,
4.118378736,
4.156220836,
4.164255514,
4.202897287,
4.214806954,
4.249452681,
4.29898922,
4.312867593,
4.324352294,
4.39291573,
4.431513862,
4.434936474,
4.469942676,
4.482339717,
4.482339717,
4.49054165,
4.518823273,
4.518823273,
4.539889489,
4.557192882,
4.564623659,
4.581164406,
4.593126396,
4.643867712,
4.651454295,
4.667689416,
4.667689416,
4.802703847,
4.844567487,
4.997573519,
5.046465836,
5.046465836,
5.094026077,
5.094026077,
5.094026077,
5.207659775,
5.21273077,
5.248892351,
5.330221651,
5.358581626,
5.373489665,
5.376535286,
5.382251869,
5.399689159,
5.458444033,
5.509928686,
5.529475691,
6.210516632,